Census Tract,Y,X1,X2,X3,X4,X5,X6,X7,X8,X9,X10,X11,X12,X1*X5,X4*X5,X5*X6,X5*X8
1,158347,0.00632,18,2.31,0,5.38,6.575,65.2,1.40854,0,296,15.3,4.98,0.0340016,0,35.3735,7.5779452
2,174521,0.02731,0,7.07,0,4.69,6.421,78.9,1.60283,0.69315,242,17.8,9.14,0.1280839,0,30.11449,7.5172727
3,218497,0.0273,0,7.07,0,4.69,7.185,61.1,1.60283,0.69315,242,17.8,4.01,0.128037,0,33.69765,7.5172727
5,203425,0.06905,0,2.18,0,4.58,7.147,54.2,1.80207,1.09861,222,18.7,5.33,0.316249,0,32.73326,8.2534806
6,165284,0.02985,0,2.18,0,4.58,6.43,58.7,1.80207,1.09861,222,18.7,5.21,0.136713,0,29.4494,8.2534806
7,216533,0.08829,13,7.87,0,5.24,6.012,66.6,1.71569,1.60944,311,15.2,12.43,0.4626396,0,31.50288,8.9902156
8,121727,0.14455,13,7.87,0,5.24,6.172,96.1,1.78347,1.60944,311,15.2,19.15,0.757442,0,32.34128,9.3453828
9,141576,0.21124,13,7.87,0,5.24,5.631,100,1.80535,1.60944,311,15.2,29.93,1.1068976,0,29.50644,9.460034
10,136074,0.17004,13,7.87,0,5.24,6.004,85.9,1.88587,1.60944,311,15.2,17.1,0.8910096,0,31.46096,9.8819588
11,104191,0.22489,13,7.87,0,5.24,6.377,94.3,1.84793,1.60944,311,15.2,20.45,1.1784236,0,33.41548,9.6831532
12,160469,0.11747,13,7.87,0,5.24,6.009,82.9,1.82885,1.60944,311,15.2,13.27,0.6155428,0,31.48716,9.583174
13,125201,0.09378,13,7.87,0,5.24,5.889,39,1.69578,1.60944,311,15.2,15.71,0.4914072,0,30.85836,8.8858872
14,136912,0.62976,0,8.14,0,5.38,5.949,61.8,1.54916,1.38629,307,21,8.26,3.3881088,0,32.00562,8.3344808
15,130850,0.63796,0,8.14,0,5.38,6.096,84.5,1.49557,1.38629,307,21,10.26,3.4322248,0,32.79648,8.0461666
16,128879,0.62739,0,8.14,0,5.38,5.834,56.5,1.50377,1.38629,307,21,8.47,3.3753582,0,31.38692,8.0902826
17,214272,1.05393,0,8.14,0,5.38,5.935,29.3,1.50377,1.38629,307,21,6.58,5.6701434,0,31.9303,8.0902826
18,126140,0.7842,0,8.14,0,5.38,5.99,81.7,1.44878,1.38629,307,21,14.67,4.218996,0,32.2262,7.7944364
19,154644,0.80271,0,8.14,0,5.38,5.456,36.6,1.33408,1.38629,307,21,11.69,4.3185798,0,29.35328,7.1773504
21,75393,1.25179,0,8.14,0,5.38,5.57,98.1,1.33445,1.38629,307,21,21.02,6.7346302,0,29.9666,7.179341
22,165437,0.85204,0,8.14,0,5.38,5.965,89.2,1.38936,1.38629,307,21,13.83,4.5839752,0,32.0917,7.4747568
23,103773,1.23247,0,8.14,0,5.38,6.142,91.7,1.3805,1.38629,307,21,18.72,6.6306886,0,33.04396,7.42709
24,103103,0.98843,0,8.14,0,5.38,5.813,100,1.40981,1.38629,307,21,19.88,5.3177534,0,31.27394,7.5847778
25,116765,0.75026,0,8.14,0,5.38,5.924,94.1,1.48151,1.38629,307,21,16.3,4.0363988,0,31.87112,7.9705238
26,96638,0.84054,0,8.14,0,5.38,5.599,85.7,1.49394,1.38629,307,21,16.51,4.5221052,0,30.12262,8.0373972
27,125759,0.67191,0,8.14,0,5.38,5.813,90.3,1.54372,1.38629,307,21,14.81,3.6148758,0,31.27394,8.3052136
28,110265,0.95578,0,8.14,0,5.38,6.047,88.8,1.49367,1.38629,307,21,17.28,5.1420964,0,32.53286,8.0359446
30,99468,1.00245,0,8.14,0,5.38,6.674,87.3,1.44433,1.38629,307,21,11.98,5.393181,0,35.90612,7.7704954
31,98896,1.13081,0,8.14,0,5.38,5.713,94.1,1.44291,1.38629,307,21,22.6,6.0837578,0,30.73594,7.7628558
32,142088,1.35472,0,8.14,0,5.38,6.072,100,1.42911,1.38629,307,21,13.04,7.2883936,0,32.66736,7.6886118
33,110380,1.38799,0,8.14,0,5.38,5.95,82,1.38379,1.38629,307,21,27.71,7.4673862,0,32.011,7.4447902
34,67233,1.15172,0,8.14,0,5.38,5.701,95,1.33163,1.38629,307,21,18.35,6.1962536,0,30.67138,7.1641694
35,79812,1.61282,0,8.14,0,5.38,6.096,96.9,1.32436,1.38629,307,21,20.34,8.6769716,0,32.79648,7.1250568
36,129205,0.06417,0,5.96,0,4.99,5.933,68.2,1.21203,1.60944,279,19.2,9.68,0.3202083,0,29.60567,6.0480297
37,118521,0.09744,0,5.96,0,4.99,5.841,61.4,1.21725,1.60944,279,19.2,11.41,0.4862256,0,29.14659,6.0740775
38,163745,0.08014,0,5.96,0,4.99,5.85,41.5,1.36971,1.60944,279,19.2,8.77,0.3998986,0,29.1915,6.8348529
39,164145,0.17505,0,5.96,0,4.99,5.966,30.2,1.34737,1.60944,279,19.2,10.13,0.8734995,0,29.77034,6.7233763
40,296433,0.02763,75,2.95,0,4.28,6.595,21.8,1.6886,1.09861,252,18.3,4.32,0.1182564,0,28.2266,7.227208
41,337249,0.03359,75,2.95,0,4.28,7.024,15.8,1.6886,1.09861,252,18.3,1.98,0.1437652,0,30.06272,7.227208
42,187763,0.12744,0,6.91,0,4.48,6.77,2.9,1.74413,1.09861,233,17.9,4.84,0.5709312,0,30.3296,7.8137024
43,164084,0.1415,0,6.91,0,4.48,6.169,6.6,1.74413,1.09861,233,17.9,5.81,0.63392,0,27.63712,7.8137024
44,175186,0.15936,0,6.91,0,4.48,6.211,6.5,1.74413,1.09861,233,17.9,7.44,0.7139328,0,27.82528,7.8137024
45,130472,0.12269,0,6.91,0,4.48,6.069,40,1.74413,1.09861,233,17.9,9.55,0.5496512,0,27.18912,7.8137024
46,168130,0.17142,0,6.91,0,4.48,5.682,33.8,1.62932,1.09861,233,17.9,10.21,0.7679616,0,25.45536,7.2993536
47,209141,0.18836,0,6.91,0,4.48,5.786,33.3,1.62932,1.09861,233,17.9,14.15,0.8438528,0,25.92128,7.2993536
48,116634,0.22927,0,6.91,0,4.48,6.03,85.5,1.7386,1.09861,233,17.9,18.8,1.0271296,0,27.0144,7.788928
50,121666,0.21977,0,6.91,0,4.48,5.602,62,1.80627,1.09861,233,17.9,16.2,0.9845696,0,25.09696,8.0920896
51,167350,0.08873,21,5.64,0,4.39,5.963,45.7,1.91908,1.38629,243,16.8,13.45,0.3895247,0,26.17757,8.4247612
53,296907,0.0536,21,5.64,0,4.39,6.511,21.1,1.91908,1.38629,243,16.8,5.28,0.235304,0,28.58329,8.4247612
54,164348,0.04981,21,5.64,0,4.39,5.998,21.4,1.91908,1.38629,243,16.8,8.43,0.2186659,0,26.33122,8.4247612
55,116784,0.0136,75,4,0,4.1,5.888,47.6,1.99057,1.09861,469,21.1,14.8,0.05576,0,24.1408,8.161337
56,223170,0.01311,90,1.22,0,4.03,7.249,21.9,2.16293,1.60944,226,17.9,4.81,0.0528333,0,29.21347,8.7166079
57,159790,0.02056,85,0.74,0,4.1,6.383,35.7,2.21785,0.69315,313,17.3,5.77,0.084296,0,26.1703,9.093185
58,169492,0.01432,100,1.32,0,4.11,6.816,40.5,2.11924,1.60944,256,15.1,3.95,0.0588552,0,28.01376,8.7100764
59,160692,0.15445,25,5.13,0,4.53,6.145,29.2,2.05602,2.07944,284,19.7,6.86,0.6996585,0,27.83685,9.3137706
60,152047,0.10328,25,5.13,0,4.53,5.927,47.2,1.93615,2.07944,284,19.7,9.22,0.4678584,0,26.84931,8.7707595
61,126696,0.14932,25,5.13,0,4.53,5.741,66.2,1.9776,2.07944,284,19.7,13.15,0.6764196,0,26.00673,8.958528
62,184485,0.17171,25,5.13,0,4.53,5.966,93.4,1.91964,2.07944,284,19.7,14.44,0.7778463,0,27.02598,8.6959692
63,163654,0.11027,25,5.13,0,4.53,6.456,67.8,1.97762,2.07944,284,19.7,6.73,0.4995231,0,29.24568,8.9586186
64,166111,0.12651,25,5.13,0,4.53,6.762,43.4,2.07705,2.07944,284,19.7,9.5,0.5730903,0,30.63186,9.4090365
66,124562,0.03584,80,3.37,0,3.98,6.29,17.8,1.88881,1.38629,337,16.1,4.67,0.1426432,0,25.0342,7.5174638
67,121809,0.04379,80,3.37,0,3.98,5.787,31.1,1.88881,1.38629,337,16.1,10.24,0.1742842,0,23.03226,7.5174638
68,166838,0.05789,13,6.07,0,4.09,5.878,21.4,1.87149,1.38629,345,18.9,8.1,0.2367701,0,24.04102,7.6543941
69,119344,0.13555,13,6.07,0,4.09,5.594,36.8,1.87149,1.38629,345,18.9,13.09,0.5543995,0,22.87946,7.6543941
71,254258,0.08826,0,10.81,0,4.13,6.417,6.6,1.66531,1.38629,305,19.2,6.72,0.3645138,0,26.50221,6.8777303
72,143988,0.15876,0,10.81,0,4.13,5.961,17.5,1.66531,1.38629,305,19.2,9.88,0.6556788,0,24.61893,6.8777303
73,155032,0.09164,0,10.81,0,4.13,6.065,7.8,1.66531,1.38629,305,19.2,5.52,0.3784732,0,25.04845,6.8777303
74,213065,0.19539,0,10.81,0,4.13,6.245,6.2,1.66531,1.38629,305,19.2,7.54,0.8069607,0,25.79185,6.8777303
75,204777,0.07896,0,12.83,0,4.37,6.273,6,1.44727,1.60944,398,18.7,6.78,0.3450552,0,27.41301,6.3245699
76,177438,0.09512,0,12.83,0,4.37,6.286,45,1.50465,1.60944,398,18.7,8.94,0.4156744,0,27.46982,6.5753205
77,142139,0.10153,0,12.83,0,4.37,6.279,74.5,1.39926,1.60944,398,18.7,11.97,0.4436861,0,27.43923,6.1147662
78,112733,0.08707,0,12.83,0,4.37,6.14,45.8,1.40867,1.60944,398,18.7,10.27,0.3804959,0,26.8318,6.1558879
80,136729,0.08387,0,12.83,0,4.37,5.874,36.6,1.50465,1.60944,398,18.7,9.1,0.3665119,0,25.66938,6.5753205
82,121262,0.04462,25,4.86,0,4.26,6.619,70.4,1.68653,1.38629,281,19,7.22,0.1900812,0,28.19694,7.1846178
84,179167,0.03551,25,4.86,0,4.26,6.167,46.7,1.68653,1.38629,281,19,7.51,0.1512726,0,26.27142,7.1846178
85,136927,0.05059,0,4.49,0,4.49,6.389,48,1.56431,1.09861,247,18.5,9.62,0.2271491,0,28.68661,7.0237519
86,192989,0.05735,0,4.49,0,4.49,6.63,56.1,1.49014,1.09861,247,18.5,6.53,0.2575015,0,29.7687,6.6907286
87,130174,0.05188,0,4.49,0,4.49,6.015,45.1,1.48777,1.09861,247,18.5,12.86,0.2329412,0,27.00735,6.6800873
88,170093,0.07151,0,4.49,0,4.49,6.121,56.8,1.32111,1.09861,247,18.5,8.44,0.3210799,0,27.48329,5.9317839
90,294954,0.05302,0,3.41,0,4.89,7.079,63.1,1.22803,0.69315,270,17.8,5.7,0.2592678,0,34.61631,6.0050667
91,191010,0.04684,0,3.41,0,4.89,6.417,66.1,1.12891,0.69315,270,17.8,8.81,0.2290476,0,31.37913,5.5203699
92,101695,0.03932,0,3.41,0,4.89,6.405,73.9,1.12885,0.69315,270,17.8,8.2,0.1922748,0,31.32045,5.5200765
93,283788,0.04203,28,15.04,0,4.64,6.442,53.6,1.29907,1.38629,270,18.2,8.16,0.1950192,0,29.89088,6.0276848
94,188441,0.02875,28,15.04,0,4.64,6.211,28.9,1.29907,1.38629,270,18.2,6.21,0.1334,0,28.81904,6.0276848
96,215781,0.12204,0,2.89,0,4.45,6.625,57.8,1.25139,0.69315,276,18,6.65,0.543078,0,29.48125,5.5686855
97,154608,0.11504,0,2.89,0,4.45,6.163,69.6,1.25139,0.69315,276,18,11.34,0.511928,0,27.42535,5.5686855
98,286623,0.12083,0,2.89,0,4.45,8.069,76,1.25139,0.69315,276,18,4.21,0.5376935,0,35.90705,5.5686855
99,316568,0.08187,0,2.89,0,4.45,7.82,36.9,1.25139,0.69315,276,18,3.57,0.3643215,0,34.799,5.5686855
100,254707,0.0686,0,2.89,0,4.45,7.416,62.5,1.25139,0.69315,276,18,6.19,0.30527,0,33.0012,5.5686855
101,226642,0.14866,0,8.56,0,5.2,6.727,79.9,1.02166,1.60944,384,20.9,9.42,0.773032,0,34.9804,5.312632
102,206146,0.11432,0,8.56,0,5.2,6.781,71.3,1.04946,1.60944,384,20.9,7.67,0.594464,0,35.2612,5.457192
103,129731,0.22876,0,8.56,0,5.2,6.405,85.4,0.99868,1.60944,384,20.9,10.63,1.189552,0,33.306,5.193136
104,109789,0.21161,0,8.56,0,5.2,6.137,87.4,0.99868,1.60944,384,20.9,13.44,1.100372,0,31.9124,5.193136
105,125032,0.1396,0,8.56,0,5.2,6.167,90,0.88418,1.60944,384,20.9,12.33,0.72592,0,32.0684,4.597736
106,114917,0.13262,0,8.56,0,5.2,5.851,96.7,0.74522,1.60944,384,20.9,16.47,0.689624,0,30.4252,3.875144
107,158475,0.1712,0,8.56,0,5.2,5.836,91.9,0.79344,1.60944,384,20.9,18.66,0.89024,0,30.3472,4.125888
108,125933,0.13116,0,8.56,0,5.2,6.127,85.2,0.75255,1.60944,384,20.9,14.09,0.682032,0,31.8604,3.91326
109,166529,0.12802,0,8.56,0,5.2,6.474,97.1,0.88908,1.60944,384,20.9,12.27,0.665704,0,33.6648,4.623216
110,186040,0.26363,0,8.56,0,5.2,6.229,91.2,0.93417,1.60944,384,20.9,15.55,1.370876,0,32.3908,4.857684
111,200747,0.10793,0,8.56,0,5.2,6.195,54.4,1.02166,1.60944,384,20.9,13,0.561236,0,32.214,5.312632
112,167715,0.10084,0,10.01,0,5.47,6.715,81.6,0.98488,1.79176,432,17.8,10.16,0.5515948,0,36.73105,5.3872936
113,159676,0.12329,0,10.01,0,5.47,5.913,92.9,0.85586,1.79176,432,17.8,16.21,0.6743963,0,32.34411,4.6815542
114,121357,0.22212,0,10.01,0,5.47,6.092,95.4,0.93531,1.79176,432,17.8,17.09,1.2149964,0,33.32324,5.1161457
115,181342,0.14231,0,10.01,0,5.47,6.254,84.2,0.81381,1.79176,432,17.8,10.45,0.7784357,0,34.20938,4.4515407
116,176526,0.17134,0,10.01,0,5.47,5.928,88.2,0.90142,1.79176,432,17.8,15.76,0.9372298,0,32.42616,4.9307674
117,155347,0.13158,0,10.01,0,5.47,6.176,72.5,1.00434,1.79176,432,17.8,12.04,0.7197426,0,33.78272,5.4937398
118,84633,0.15098,0,10.01,0,5.47,6.021,82.6,1.01065,1.79176,432,17.8,10.3,0.8258606,0,32.93487,5.5282555
119,161144,0.13058,0,10.01,0,5.47,5.872,73.1,0.90725,1.79176,432,17.8,15.37,0.7142726,0,32.11984,4.9626575
120,149837,0.14476,0,10.01,0,5.47,5.731,65.2,1.01494,1.79176,432,17.8,13.61,0.7918372,0,31.34857,5.5517218
121,260764,0.06899,0,25.65,0,5.81,5.87,69.7,0.81435,0.69315,188,19.1,14.37,0.4008319,0,34.1047,4.7313735
122,181769,0.07165,0,25.65,0,5.81,6.004,84.1,0.78727,0.69315,188,19.1,14.27,0.4162865,0,34.88324,4.5740387
123,144861,0.093,0,25.65,0,5.81,5.961,92.9,0.73568,0.69315,188,19.1,17.93,0.54033,0,34.63341,4.2743008
124,105435,0.15038,0,25.65,0,5.81,5.856,97,0.66495,0.69315,188,19.1,25.41,0.8737078,0,34.02336,3.8633595
125,141211,0.09849,0,25.65,0,5.81,5.879,95.8,0.69629,0.69315,188,19.1,17.58,0.5722269,0,34.15699,4.0454449
126,135454,0.16902,0,26.65,0,5.81,5.986,88.4,0.68959,0.69315,188,19.1,14.81,0.9820062,0,34.77866,4.0065179
127,126713,0.38735,0,25.65,0,5.81,5.613,95.6,0.56372,0.69315,188,19.1,27.26,2.2505035,0,32.61153,3.2752132
128,106760,0.25915,0,21.89,0,6.24,5.693,96,0.58126,1.38629,437,21.2,17.19,1.617096,0,35.52432,3.6270624
129,95657,0.32543,0,21.89,0,6.24,6.431,98.8,0.59471,1.38629,437,21.2,15.39,2.0306832,0,40.12944,3.7109904
130,164735,0.88125,0,21.89,0,6.24,5.637,94.7,0.68305,1.38629,437,21.2,18.34,5.499,0,35.17488,4.262232
131,108050,0.34006,0,21.89,0,6.24,6.458,98.9,0.75071,1.38629,437,21.2,12.6,2.1219744,0,40.29792,4.6844304
132,118490,1.19294,0,21.89,0,6.24,6.326,97.7,0.82022,1.38629,437,21.2,12.26,7.4439456,0,39.47424,5.1181728
133,89013,0.59005,0,21.89,0,6.24,6.372,97.9,0.84475,1.38629,437,21.2,11.12,3.681912,0,39.76128,5.27124
134,89450,0.32982,0,21.89,0,6.24,5.822,95.4,0.90418,1.38629,437,21.2,15.03,2.0580768,0,36.32928,5.6420832
135,118673,0.97617,0,21.89,0,6.24,5.757,98.4,0.85271,1.38629,437,21.2,17.31,6.0913008,0,35.92368,5.3209104
136,155130,0.55778,0,21.89,0,6.24,6.335,98.2,0.74702,1.38629,437,21.2,16.96,3.4805472,0,39.5304,4.6614048
138,126417,0.35233,0,21.89,0,6.24,6.454,98.4,0.61508,1.38629,437,21.2,14.59,2.1985392,0,40.27296,3.8380992
139,98947,0.2498,0,21.89,0,6.24,5.857,98.2,0.51198,1.38629,437,21.2,21.32,1.558752,0,36.54768,3.1947552
140,97557,0.54452,0,21.89,0,6.24,6.151,97.9,0.51204,1.38629,437,21.2,18.46,3.3978048,0,38.38224,3.1951296
141,84946,0.2909,0,21.89,0,6.24,6.174,93.6,0.47741,1.38629,437,21.2,24.16,1.815216,0,38.52576,2.9790384
142,105879,1.62864,0,21.89,0,6.24,5.019,100,0.36423,1.38629,437,21.2,34.41,10.1627136,0,31.31856,2.2727952
144,83760,4.0974,0,19.58,0,8.71,5.468,100,0.34487,1.60944,403,14.7,26.42,35.688354,0,47.62628,3.0038177
145,120369,2.77974,0,19.58,0,8.71,4.903,97.8,0.29706,1.60944,403,14.7,29.29,24.2115354,0,42.70513,2.5873926
146,84592,2.37934,0,19.58,0,8.71,6.13,100,0.35002,1.60944,403,14.7,27.8,20.7240514,0,53.3923,3.0486742
147,112723,2.15505,0,19.58,0,8.71,5.628,100,0.41647,1.60944,403,14.7,16.65,18.7704855,0,49.01988,3.6274537
148,92230,2.36862,0,19.58,0,8.71,4.926,95.7,0.37898,1.60944,403,14.7,29.53,20.6306802,0,42.90546,3.3009158
149,83504,2.33099,0,19.58,0,8.71,5.186,93.8,0.42501,1.60944,403,14.7,28.32,20.3029229,0,45.17006,3.7018371
150,70612,2.73397,0,19.58,0,8.71,5.597,94.9,0.42245,1.60944,403,14.7,21.45,23.8128787,0,48.74987,3.6795395
151,147622,1.6566,0,19.58,0,8.71,6.122,97.3,0.48119,1.60944,403,14.7,14.1,14.428986,0,53.32262,4.1911649
152,146359,1.49632,0,19.58,0,8.71,5.404,100,0.46474,1.60944,403,14.7,13.28,13.0329472,0,47.06884,4.0478854
153,113972,1.12658,0,19.58,1,8.71,5.012,88,0.47636,1.60944,403,14.7,12.12,9.8125118,8.71,43.65452,4.1490956
154,129870,2.14918,0,19.58,0,8.71,5.709,98.5,0.4844,1.60944,403,14.7,15.79,18.7193578,0,49.72539,4.219124
155,106094,1.41385,0,19.58,1,8.71,6.129,96,0.55927,1.60944,403,14.7,15.12,12.3146335,8.71,53.38359,4.8712417
156,172323,3.53501,0,19.58,1,8.71,6.152,82.6,0.55704,1.60944,403,14.7,15.02,30.7899371,8.71,53.58392,4.8518184
157,79355,2.44668,0,19.58,0,8.71,5.272,94,0.55181,1.60944,403,14.7,16.14,21.3105828,0,45.91912,4.8062651
158,293196,1.22358,0,19.58,0,6.05,6.943,97.4,0.62983,1.60944,403,14.7,4.59,7.402659,0,42.00515,3.8104715
159,254967,1.34284,0,19.58,0,6.05,6.066,100,0.56378,1.60944,403,14.7,6.43,8.124182,0,36.6993,3.410869
160,145073,1.42502,0,19.58,0,8.71,6.51,100,0.56866,1.60944,403,14.7,7.39,12.4119242,0,56.7021,4.9530286
161,185173,1.27346,0,19.58,1,6.05,6.25,92.6,0.5869,1.60944,403,14.7,5.5,7.704433,6.05,37.8125,3.550745
162,301140,1.46336,0,19.58,0,6.05,7.489,90.8,0.67849,1.60944,403,14.7,1.73,8.853328,0,45.30845,4.1048645
163,347961,1.83377,0,19.58,1,6.05,7.802,98.2,0.71329,1.60944,403,14.7,1.92,11.0943085,6.05,47.2021,4.3154045
164,572997,1.51902,0,19.58,1,6.05,8.375,93.9,0.77103,1.60944,403,14.7,3.32,9.190071,6.05,50.66875,4.6647315
165,151544,2.24236,0,19.58,0,6.05,5.854,91.8,0.88459,1.60944,403,14.7,11.64,13.566278,0,35.4167,5.3517695
166,168815,2.924,0,19.58,0,6.05,6.101,93,0.82566,1.60944,403,14.7,9.81,17.6902,0,36.91105,4.995243
167,242448,2.01019,0,19.58,0,6.05,7.912,96.2,0.71584,1.60944,403,14.7,3.7,12.1616495,0,47.8676,4.330832
168,192320,1.80028,0,19.58,0,6.05,5.877,79.2,0.8862,1.60944,403,14.7,12.14,10.891694,0,35.55585,5.36151
169,172352,2.3004,0,19.58,0,6.05,6.319,96.1,0.74194,1.60944,403,14.7,11.1,13.91742,0,38.22995,4.488737
171,138084,1.20742,0,19.58,0,6.05,5.875,94.6,0.8862,1.60944,403,14.7,14.43,7.304891,0,35.54375,5.36151
172,144983,2.3139,0,19.58,0,6.05,5.88,97.3,0.87075,1.60944,403,14.7,12.03,13.999095,0,35.574,5.2680375
173,175114,0.13914,0,4.05,0,5.1,5.572,88.5,0.95401,1.60944,296,16.6,14.69,0.709614,0,28.4172,4.865451
175,164386,0.08447,0,4.05,0,5.1,5.859,68.7,0.99395,1.60944,296,16.6,9.64,0.430797,0,29.8809,5.069145
176,176753,0.06664,0,4.05,0,5.1,6.546,33.1,1.14177,1.60944,296,16.6,5.33,0.339864,0,33.3846,5.823027
178,159661,0.05425,0,4.05,0,5.1,6.315,73.4,1.19921,1.60944,296,16.6,6.29,0.276675,0,32.2065,6.115971
179,244192,0.06642,0,4.05,0,5.1,6.86,74.4,1.06997,1.60944,296,16.6,6.92,0.338742,0,34.986,5.456847
180,330970,0.0578,0,2.46,0,4.88,6.98,58.4,1.03992,1.09861,193,17.8,5.04,0.282064,0,34.0624,5.0748096
181,234614,0.06588,0,2.46,0,4.88,7.765,83.3,1.00832,1.09861,193,17.8,7.56,0.3214944,0,37.8932,4.9206016
182,217427,0.06888,0,2.46,0,4.88,6.144,62.2,0.9547,1.09861,193,17.8,9.45,0.3361344,0,29.98272,4.658936
184,263447,0.10008,0,2.46,0,4.88,6.563,95.6,1.04626,1.09861,193,17.8,5.68,0.4883904,0,32.02744,5.1057488
185,128853,0.08308,0,2.46,0,4.88,5.604,89.8,1.09457,1.09861,193,17.8,13.98,0.4054304,0,27.34752,5.3415016
186,133827,0.06047,0,2.46,0,4.88,6.153,68.8,1.18775,1.09861,193,17.8,13.15,0.2950936,0,30.02664,5.79622
187,299334,0.05602,0,2.46,0,4.88,7.831,53.6,1.1629,1.09861,193,17.8,4.45,0.2733776,0,38.21528,5.674952
188,259988,0.07875,45,3.44,0,4.37,6.782,41.1,1.332,1.60944,398,15.2,6.68,0.3441375,0,29.63734,5.82084
189,177682,0.12579,45,3.44,0,4.37,6.556,29.1,1.51879,1.60944,398,15.2,4.56,0.5497023,0,28.64972,6.6371123
190,237075,0.0837,45,3.44,0,4.37,7.185,38.9,1.51879,1.60944,398,15.2,5.39,0.365769,0,31.39845,6.6371123
191,237071,0.09086,45,3.44,0,4.37,6.951,21.5,1.86869,1.60944,398,15.2,5.1,0.3970582,0,30.37587,8.1661753
192,245693,0.06911,45,3.44,0,4.37,6.739,30.8,1.86869,1.60944,398,15.2,4.69,0.3020107,0,29.44943,8.1661753
194,325402,0.02187,60,2.93,0,4.01,6.8,9.9,1.8277,0,265,15.6,5.03,0.0876987,0,27.268,7.329077
195,240104,0.01439,60,2.93,0,4.01,6.604,18.8,1.8277,0,265,15.6,4.38,0.0577039,0,26.48204,7.329077
196,348078,0.01381,80,0.46,0,4.22,7.875,32,1.73137,1.38629,255,14.4,2.97,0.0582782,0,33.2325,7.3063814
197,352717,0.04011,80,1.52,0,4.04,7.287,34.1,1.98911,0.69315,329,12.6,4.08,0.1620444,0,29.43948,8.0360044
198,211962,0.04666,80,1.52,0,4.04,7.107,36.6,1.98911,0.69315,329,12.6,8.61,0.1885064,0,28.71228,8.0360044
199,301109,0.03768,80,1.52,0,4.04,7.274,38.3,1.98911,0.69315,329,12.6,6.62,0.1522272,0,29.38696,8.0360044
200,230781,0.0315,95,1.47,0,4.03,6.975,15.3,2.03515,1.09861,402,17,4.56,0.126945,0,28.10925,8.2016545
201,268540,0.01778,95,1.47,0,4.03,7.135,13.9,2.03515,1.09861,402,17,4.45,0.0716534,0,28.75405,8.2016545
202,185716,0.03445,83,2.03,0,4.15,6.162,38.4,1.83578,0.69315,348,14.7,7.43,0.1429675,0,25.5723,7.618487
203,324041,0.02177,83,2.03,0,4.15,7.61,15.7,1.83578,0.69315,348,14.7,3.11,0.0903455,0,31.5815,7.618487
204,245184,0.0351,95,2.68,0,4.16,7.853,33.2,1.63276,1.38629,224,14.7,3.81,0.146016,0,32.66848,6.7922816
205,430744,0.02009,95,2.68,0,4.16,8.034,31.9,1.63276,1.38629,224,14.7,2.88,0.0835744,0,33.42144,6.7922816
206,153867,0.13642,0,10.59,0,4.89,5.891,22.3,1.37255,1.38629,277,18.6,10.87,0.6670938,0,28.80699,6.7117695
207,205934,0.22969,0,10.59,0,4.89,6.326,52.5,1.4713,1.38629,277,18.6,10.97,1.1231841,0,30.93414,7.194657
208,97488,0.25199,0,10.59,0,4.89,5.783,72.7,1.4713,1.38629,277,18.6,18.06,1.2322311,0,28.27887,7.194657
209,165706,0.13587,0,10.59,1,4.89,6.064,59.1,1.44437,1.38629,277,18.6,14.66,0.6644043,4.89,29.65296,7.0629693
210,163974,0.43571,0,10.59,1,4.89,5.344,100,1.35454,1.38629,277,18.6,23.09,2.1306219,4.89,26.13216,6.6237006
211,98445,0.17446,0,10.59,1,4.89,5.96,92.1,1.35509,1.38629,277,18.6,17.27,0.8531094,4.89,29.1444,6.6263901
212,136961,0.37578,0,10.59,1,4.89,5.404,88.6,1.29883,1.38629,277,18.6,23.98,1.8375642,4.89,26.42556,6.3512787
213,99538,0.21719,0,10.59,1,4.89,5.807,53.8,1.29544,1.38629,277,18.6,16.03,1.0620591,4.89,28.39623,6.3347016
214,177084,0.14052,0,10.59,0,4.89,6.375,32.3,1.37255,1.38629,277,18.6,9.38,0.6871428,0,31.17375,6.7117695
215,103534,0.28955,0,10.59,0,4.89,5.412,9.8,1.27745,1.38629,277,18.6,29.55,1.4158995,0,26.46468,6.2467305
217,185068,0.0456,0,13.89,1,5.5,5.888,56,1.1353,1.60944,276,16.4,13.51,0.2508,5.5,32.384,6.24415
218,187073,0.07013,0,13.89,0,5.5,6.642,85.1,1.22996,1.60944,276,16.4,9.69,0.385715,0,36.531,6.76478
219,217908,0.11069,0,13.89,1,5.5,5.951,93.8,1.06101,1.60944,276,16.4,17.92,0.608795,5.5,32.7305,5.835555
220,146043,0.11425,0,13.89,1,5.5,6.373,92.4,1.21292,1.60944,276,16.4,10.5,0.628375,5.5,35.0515,6.67106
221,122492,0.35809,0,6.2,1,5.07,6.951,88.5,1.05141,2.07944,307,17.4,9.71,1.8155163,5.07,35.24157,5.3306487
222,173877,0.40771,0,6.2,1,5.07,6.164,91.3,1.11448,2.07944,307,17.4,21.46,2.0670897,5.07,31.25148,5.6504136
224,223921,0.6147,0,6.2,0,5.07,6.618,80.8,1.18543,2.07944,307,17.4,7.6,3.116529,0,33.55326,6.0101301
225,336996,0.31533,0,6.2,0,5.04,8.266,78.3,1.06278,2.07944,307,17.4,4.14,1.5892632,0,41.66064,5.3564112
226,349388,0.52692,0,6.2,0,5.04,8.725,83,1.06278,2.07944,307,17.4,4.63,2.6556768,0,43.974,5.3564112
227,348254,0.38213,0,6.2,0,5.04,8.04,86.5,1.16804,2.07944,307,17.4,3.13,1.9259352,0,40.5216,5.8869216
228,150646,0.41238,0,6.2,0,5.04,7.163,79.9,1.16804,2.07944,307,17.4,6.36,2.0783952,0,36.10152,5.8869216
229,223474,0.29819,0,6.2,0,5.04,7.686,17,1.21642,2.07944,307,17.4,3.92,1.5028776,0,38.73744,6.1307568
230,413837,0.44178,0,6.2,0,5.04,6.552,21.4,1.21642,2.07944,307,17.4,3.76,2.2265712,0,33.02208,6.1307568
231,168307,0.537,0,6.2,0,5.04,5.981,68.1,1.3006,2.07944,307,17.4,11.65,2.70648,0,30.14424,6.555024
232,199054,0.46296,0,6.2,0,5.04,7.412,76.9,1.3006,2.07944,307,17.4,5.25,2.3333184,0,37.35648,6.555024
233,423443,0.57529,0,6.2,0,5.04,8.337,73.3,1.34505,2.07944,307,17.4,2.47,2.8994616,0,42.01848,6.779052
234,388372,0.33147,0,6.2,0,5.07,8.247,70.4,1.29525,2.07944,307,17.4,3.95,1.6805529,0,41.81229,6.5669175
235,274397,0.44791,0,6.2,1,5.07,6.726,66.5,1.29525,2.07944,307,17.4,8.05,2.2709037,5.07,34.10082,6.5669175
236,134238,0.33046,0,6.2,0,5.07,6.086,61.5,1.29525,2.07944,307,17.4,10.88,1.6754322,0,30.85602,6.5669175
237,284551,0.52058,0,6.2,1,5.07,6.631,76.5,1.42263,2.07944,307,17.4,9.54,2.6393406,5.07,33.61917,7.2127341
238,307949,0.51183,0,6.2,0,5.07,7.358,71.6,1.42263,2.07944,307,17.4,4.73,2.5949781,0,37.30506,7.2127341
239,230016,0.08244,30,4.93,0,4.28,6.481,18.5,1.82292,1.79176,300,16.6,6.36,0.3528432,0,27.73868,7.8020976
240,111607,0.09252,30,4.93,0,4.28,6.606,42.2,1.82292,1.79176,300,16.6,7.37,0.3959856,0,28.27368,7.8020976
241,184828,0.11329,30,4.93,0,4.28,6.897,54.3,1.84626,1.79176,300,16.6,11.38,0.4848812,0,29.51916,7.9019928
243,175533,0.1029,30,4.93,0,4.28,6.358,52.9,1.95097,1.79176,300,16.6,11.22,0.440412,0,27.21224,8.3501516
245,123399,0.20608,22,5.86,0,4.31,5.593,76.5,2.07379,1.94591,330,19.1,12.5,0.8882048,0,24.10583,8.9380349
246,133784,0.19133,22,5.86,0,4.31,5.605,70.2,2.07379,1.94591,330,19.1,18.46,0.8246323,0,24.15755,8.9380349
247,163821,0.33983,22,5.86,0,4.31,6.108,34.9,2.08636,1.94591,330,19.1,9.16,1.4646673,0,26.32548,8.9922116
248,120388,0.19657,22,5.86,0,4.31,6.226,79.2,2.08636,1.94591,330,19.1,10.15,0.8472167,0,26.83406,8.9922116
249,206520,0.16439,22,5.86,0,4.31,6.433,49.1,2.05752,1.94591,330,19.1,9.52,0.7085209,0,27.72623,8.8679112
250,157255,0.19073,22,5.86,0,4.31,6.718,17.5,2.05752,1.94591,330,19.1,6.56,0.8220463,0,28.95458,8.8679112
251,164696,0.1403,22,5.86,0,4.31,6.487,13,2.00103,1.94591,330,19.1,5.9,0.604693,0,27.95897,8.6244393
252,140683,0.21408,22,5.86,0,4.31,6.438,8.9,2.00103,1.94591,330,19.1,3.59,0.9226848,0,27.74778,8.6244393
253,166172,0.08221,22,5.86,0,4.31,6.957,6.8,2.1868,1.94591,330,19.1,3.53,0.3543251,0,29.98467,9.425108
254,353119,0.36894,22,5.86,0,4.31,8.259,8.4,2.1868,1.94591,330,19.1,3.54,1.5901314,0,35.59629,9.425108
255,163594,0.04818,80,3.64,0,3.92,6.108,32,2.22141,0,315,16.4,6.57,0.1888656,0,23.94336,8.7079272
256,147234,0.03548,80,3.64,0,3.92,5.876,19.1,2.22141,0,315,16.4,9.25,0.1390816,0,23.03392,8.7079272
257,288240,0.01538,90,3.75,0,3.94,7.454,34.2,1.84626,1.09861,244,15.9,3.11,0.0605972,0,29.36876,7.2742644
258,553840,0.61154,20,3.97,0,6.47,8.704,86.9,0.58834,1.60944,264,13,5.12,3.9566638,0,56.31488,3.8065598
259,199642,0.66351,20,3.97,0,6.47,7.333,100,0.63901,1.60944,264,13,7.79,4.2929097,0,47.44451,4.1343947
260,302634,0.65665,20,3.97,0,6.47,6.842,100,0.69848,1.60944,264,13,6.9,4.2485255,0,44.26774,4.5191656
261,302304,0.54011,20,3.97,0,6.47,7.203,81.8,0.74768,1.60944,264,13,9.59,3.4945117,0,46.60341,4.8374896
262,315435,0.53412,20,3.97,0,6.47,7.52,89.4,0.76071,1.60944,264,13,7.26,3.4557564,0,48.6544,4.9217937
263,371939,0.52014,20,3.97,0,6.47,8.398,91.5,0.8279,1.60944,264,13,5.91,3.3653058,0,54.33506,5.356513
264,220358,0.82526,20,3.97,0,6.47,7.327,94.5,0.73179,1.60944,264,13,11.25,5.3394322,0,47.40569,4.7346813
265,258728,0.55007,20,3.97,0,6.47,7.206,91.6,0.65757,1.60944,264,13,8.1,3.5589529,0,46.62282,4.2544779
266,207427,0.76162,20,3.97,0,6.47,5.56,62.8,0.68637,1.60944,264,13,10.45,4.9276814,0,35.9732,4.4408139
267,179987,0.7857,20,3.97,0,6.47,7.014,84.6,0.75748,1.60944,264,13,14.79,5.083479,0,45.38058,4.9008956
268,240405,0.57834,20,3.97,0,5.75,8.297,67,0.88443,1.60944,264,13,7.44,3.325455,0,47.70775,5.0854725
269,458019,0.5405,20,3.97,0,5.75,7.47,52.6,1.05501,1.60944,264,13,3.16,3.107875,0,42.9525,6.0663075
271,139110,0.29916,20,6.96,0,4.64,5.856,42.1,1.48817,1.09861,223,18.6,13,1.3881024,0,27.17184,6.9051088
273,209530,0.1146,20,6.96,0,4.64,6.538,58.7,1.36545,1.09861,223,18.6,7.73,0.531744,0,30.33632,6.335688
274,389959,0.22188,20,6.96,1,4.64,7.691,51.8,1.47396,1.09861,223,18.6,6.58,1.0295232,4.64,35.68624,6.8391744
275,245941,0.05644,40,6.41,1,4.47,6.758,32.9,1.40551,1.38629,254,17.6,3.53,0.2522868,4.47,30.20826,6.2826297
276,312630,0.09604,40,6.41,0,4.47,6.854,42.8,1.45098,1.38629,254,17.6,2.98,0.4292988,0,30.63738,6.4858806
277,179259,0.10469,40,6.41,1,4.47,7.267,49,1.56594,1.38629,254,17.6,6.05,0.4679643,4.47,32.48349,6.9997518
278,267262,0.06127,40,6.41,1,4.47,6.826,27.6,1.58161,1.38629,254,17.6,4.16,0.2738769,4.47,30.51222,7.0697967
279,227466,0.07977,40,6.41,0,4.47,6.482,32.1,1.42077,1.38629,254,17.6,7.19,0.3565719,0,28.97454,6.3508419
280,206626,0.21038,20,3.33,0,4.43,6.812,32.2,1.41116,1.60944,216,14.9,4.85,0.9319834,0,30.17716,6.2514388
281,442887,0.03578,20,3.33,0,4.43,7.82,64.5,1.54643,1.60944,216,14.9,3.76,0.1585054,0,34.6426,6.8506849
282,234522,0.03705,20,3.33,0,4.43,6.968,37.2,1.65722,1.60944,216,14.9,4.59,0.1641315,0,30.86824,7.3414846
283,370791,0.06129,20,3.33,1,4.43,7.645,49.7,1.65094,1.60944,216,14.9,3.01,0.2715147,4.43,33.86735,7.3136642
284,428849,0.01501,90,1.21,1,4.01,7.923,24.8,1.77241,0,198,13.6,3.16,0.0601901,4.01,31.77123,7.1073641
285,260196,0.00906,90,2.97,0,4,7.088,20.8,1.98887,0,285,15.3,7.85,0.03624,0,28.352,7.95548
286,158870,0.01096,55,2.25,0,3.89,6.453,31.9,1.98887,0,300,15.3,10.54,0.0426344,0,25.10217,7.7367043
287,98260,0.01965,80,1.76,0,3.85,6.23,31.5,2.20709,0,241,18.2,12.93,0.0756525,0,23.9855,8.4972965
288,190497,0.03871,53,5.32,0,4.05,6.209,31.3,1.99023,1.79176,293,16.6,7.14,0.1567755,0,25.14645,8.0604315
289,149102,0.0459,53,5.32,0,4.05,6.315,45.6,1.99023,1.79176,293,16.6,6.23,0.185895,0,25.57575,8.0604315
290,136158,0.04297,53,5.32,0,4.05,6.565,22.9,1.99023,1.79176,293,16.6,9.51,0.1740285,0,26.58825,8.0604315
291,188582,0.03502,80,4.95,0,4.11,6.861,27.9,1.63251,1.38629,245,19.2,3.33,0.1439322,0,28.19871,6.7096161
292,192646,0.07886,80,4.95,0,4.11,7.148,27.7,1.63251,1.38629,245,19.2,3.56,0.3241146,0,29.37828,6.7096161
293,232252,0.03615,80,4.95,0,4.11,6.63,23.5,1.63251,1.38629,245,19.2,4.7,0.1485765,0,27.2493,6.7096161
294,179356,0.08265,0,13.92,0,4.37,6.127,18.4,1.70524,1.38629,289,16,8.58,0.3611805,0,26.77499,7.4518988
296,255007,0.12932,0,13.92,0,4.37,6.678,31.1,1.78514,1.38629,289,16,6.27,0.5651284,0,29.18286,7.8010618
297,192921,0.05372,0,13.92,0,4.37,6.549,51,1.78514,1.38629,289,16,7.39,0.2347564,0,28.61913,7.8010618
298,144487,0.14103,0,13.92,0,4.37,5.79,58,1.84372,1.38629,289,16,15.84,0.6163011,0,25.3023,8.0570564
299,124732,0.06466,70,2.24,0,4,6.345,20.1,2.05768,1.60944,358,14.8,4.97,0.25864,0,25.38,8.23072
300,196385,0.05561,70,2.24,0,4,7.041,10,2.5768,1.60944,358,14.8,4.74,0.22244,0,28.164,10.3072
301,235247,0.04417,70,2.24,0,4,6.871,47.4,2.05768,1.60944,358,14.8,6.07,0.17668,0,27.484,8.23072
302,214179,0.03537,34,6.09,0,4.33,6.59,40.4,1.70324,1.94591,329,16.1,9.5,0.1531521,0,28.5347,7.3750292
303,151184,0.09266,34,6.09,0,4.33,6.495,18.4,1.70324,1.94591,329,16.1,8.67,0.4012178,0,28.12335,7.3750292
304,266947,0.1,34,6.09,0,4.33,6.982,17.7,1.70324,1.94591,329,16.1,4.86,0.433,0,30.23206,7.3750292
305,214647,0.05515,33,2.18,0,4.72,7.236,41.1,1.39178,1.94591,222,18.4,6.93,0.260308,0,34.15392,6.5692016
306,173549,0.0548,33,2.18,0,4.72,6.616,58.1,1.21491,1.94591,222,18.4,8.93,0.258656,0,31.22752,5.7343752
308,218344,0.04932,33,2.18,0,4.72,6.849,70.3,1.15773,1.94591,222,18.4,7.53,0.2327904,0,32.32728,5.4644856
309,252336,0.49298,0,9.9,0,5.44,6.635,82.5,1.19921,1.38629,304,18.4,4.54,2.6818112,0,36.0944,6.5237024
310,140352,0.3494,0,9.9,0,5.44,5.972,76.7,1.13221,1.38629,304,18.4,9.97,1.900736,0,32.48768,6.1592224
311,99246,2.63548,0,9.9,0,5.44,4.973,37.8,0.92402,1.38629,304,18.4,12.64,14.3370112,0,27.05312,5.0266688
312,198046,0.79041,0,9.9,0,5.44,6.122,52.8,0.97089,1.38629,304,18.4,5.98,4.2998304,0,33.30368,5.2816416
314,144106,0.26938,0,9.9,0,5.44,6.266,82.8,1.18259,1.38629,304,18.4,7.9,1.4654272,0,34.08704,6.4332896
315,114171,0.3692,0,9.9,0,5.44,6.567,87.3,1.28157,1.38629,304,18.4,9.28,2.008448,0,35.72448,6.9717408
316,142641,0.25356,0,9.9,0,5.44,5.705,77.7,1.37245,1.38629,304,18.4,11.5,1.3793664,0,31.0352,7.466128
317,129316,0.31827,0,9.9,0,5.44,5.914,83.2,1.38594,1.38629,304,18.4,18.33,1.7313888,0,32.17216,7.5395136
318,152643,0.24522,0,9.9,0,5.44,5.782,71.7,1.39419,1.38629,304,18.4,15.94,1.3339968,0,31.45408,7.5843936
319,145901,0.40202,0,9.9,0,5.44,6.382,67.2,1.262,1.38629,304,18.4,10.36,2.1869888,0,34.71808,6.86528
320,143330,0.47547,0,9.9,0,5.44,6.113,58.8,1.38677,1.38629,304,18.4,12.73,2.5865568,0,33.25472,7.5440288
321,197527,0.1676,0,7.38,0,4.93,6.426,52.3,1.51301,1.60944,287,19.6,7.2,0.826268,0,31.68018,7.4591393
322,158973,0.18159,0,7.38,0,4.93,6.376,54.3,1.51301,1.60944,287,19.6,6.87,0.8952387,0,31.43368,7.4591393
323,152007,0.35114,0,7.38,0,4.93,6.041,49.9,1.55204,1.60944,287,19.6,7.7,1.7311202,0,29.78213,7.6515572
324,125115,0.28392,0,7.38,0,4.93,5.708,74.3,1.55204,1.60944,287,19.6,11.74,1.3997256,0,28.14044,7.6515572
325,171532,0.34109,0,7.38,0,4.93,6.415,40.1,1.55204,1.60944,287,19.6,6.12,1.6815737,0,31.62595,7.6515572
326,171685,0.19186,0,7.38,0,4.93,6.431,14.7,1.68934,1.60944,287,19.6,5.08,0.9458698,0,31.70483,8.3284462
327,186324,0.30347,0,7.38,0,4.93,6.312,28.9,1.68934,1.60944,287,19.6,6.15,1.4961071,0,31.11816,8.3284462
328,140086,0.24103,0,7.38,0,4.93,6.083,43.7,1.68934,1.60944,287,19.6,12.79,1.1882779,0,29.98919,8.3284462
329,186177,0.06617,0,3.24,0,4.6,5.868,25.8,1.65146,1.38625,430,16.9,9.97,0.304382,0,26.9928,7.596716
330,201915,0.06724,0,3.24,0,4.6,6.333,17.2,1.65146,1.38629,430,16.9,7.34,0.309304,0,29.1318,7.596716
331,170307,0.04544,0,3.24,0,4.6,6.144,32.2,1.77047,1.38629,430,16.9,9.09,0.209024,0,28.2624,8.144162
332,157510,0.05023,35,6.06,0,4.38,5.706,28.4,1.89322,0,304,16.9,12.43,0.2200074,0,24.99228,8.2923036
333,141959,0.03466,35,6.06,0,4.38,6.031,23.3,1.89322,0,304,16.9,7.83,0.1518108,0,26.41578,8.2923036
335,152422,0.03738,0,5.19,0,5.15,6.31,38.5,1.86538,1.60944,224,20.2,6.75,0.192507,0,32.4965,9.606707
336,148091,0.03961,0,5.19,0,5.15,6.037,34.5,1.78931,1.60944,224,20.2,8.01,0.2039915,0,31.09055,9.2149465
337,201579,0.03427,0,5.19,0,5.15,5.869,46.3,1.65462,1.60944,224,20.2,9.8,0.1764905,0,30.22535,8.521293
339,160755,0.03306,0,5.19,0,5.15,6.059,37.3,1.57115,1.60944,224,20.2,8.51,0.170259,0,31.20385,8.0914225
340,200047,0.05497,0,5.19,0,5.15,5.985,45.4,1.57115,1.60944,224,20.2,9.74,0.2830955,0,30.82275,8.0914225
341,192327,0.06151,0,5.19,0,5.15,5.968,58.5,1.57115,1.60944,224,20.2,9.29,0.3167765,0,30.7352,8.0914225
342,149630,0.01301,35,1.52,0,4.42,7.241,49.3,1.95131,0,284,15.5,5.49,0.0575042,0,32.00522,8.6247902
345,170240,0.03049,55,3.78,0,4.84,6.874,28.1,1.86646,1.60944,370,17.6,4.61,0.1475716,0,33.27016,9.0336664
346,159643,0.03113,0,4.39,0,4.42,6.014,48.5,2.08114,1.09861,352,18.8,10.53,0.1375946,0,26.58188,9.1986388
347,116099,0.06162,0,4.39,0,4.42,5.898,52.3,2.08114,1.09861,352,18.8,12.67,0.2723604,0,26.06916,9.1986388
348,168953,0.0187,85,4.15,0,4.29,6.516,27.7,2.14421,1.38629,351,17.9,6.36,0.080223,0,27.95364,9.1986609
350,232154,0.02899,40,1.25,0,4.29,6.939,34.5,2.17385,0,335,19.7,5.89,0.1243671,0,29.76831,9.3258165
351,146221,0.06211,40,1.25,0,4.29,6.49,44.4,2.17385,0,335,19.7,5.98,0.2664519,0,27.8421,9.3258165
352,170856,0.0795,60,1.69,0,4.11,6.579,35.9,2.37121,1.38629,411,18.3,5.49,0.326745,0,27.03969,9.7456731
353,183258,0.07244,60,1.69,0,4.11,5.884,18.5,2.37121,1.38629,411,18.3,7.79,0.2977284,0,24.18324,9.7456731
354,238692,0.01709,90,2.02,0,4.1,6.728,36.1,2.49539,1.60944,187,17,4.5,0.070069,0,27.5848,10.231099
355,144964,0.04301,80,1.91,0,4.13,5.663,21.9,2.3595,1.38629,334,22,8.05,0.1776313,0,23.38819,9.744735
356,143933,0.10659,80,1.91,0,4.13,5.936,19.5,2.3595,1.38629,334,22,5.57,0.4402167,0,24.51568,9.744735
357,110177,8.98296,0,18.1,1,7.7,6.212,97.4,0.75245,3.17805,666,20.2,17.6,69.168792,7.7,47.8324,5.793865
358,148345,3.8497,0,18.1,1,7.7,6.395,91,0.91837,3.17805,666,20.2,13.27,29.64269,7.7,49.2415,7.071449
359,185591,5.20177,0,18.1,1,7.7,6.127,83.4,1.00162,3.17805,666,20.2,11.48,40.053629,7.7,47.1779,7.712474
360,174237,4.26131,0,18.1,0,7.7,6.112,81.3,0.91992,3.17805,666,20.2,12.67,32.812087,0,47.0624,7.083384
361,210357,4.54192,0,18.1,0,7.7,6.398,88,0.92354,3.17805,666,20.2,7.79,34.972784,0,49.2646,7.111258
362,155234,3.83684,0,18.1,0,7.7,6.251,91.1,0.83095,3.17805,666,20.2,14.19,29.543668,0,48.1327,6.398315
363,136405,3.67822,0,18.1,0,7.7,5.362,96.2,0.74365,3.17805,666,20.2,10.19,28.322294,0,41.2874,5.726105
364,133114,4.22239,0,18.1,1,7.7,5.803,89,0.64432,3.17805,666,20.2,14.64,32.512403,7.7,44.6831,4.961264
365,149312,3.47428,0,18.1,1,7.18,8.78,82.9,0.64432,3.17805,666,20.2,5.29,24.9453304,7.18,63.0404,4.6262176
367,145305,3.69695,0,18.1,0,7.18,4.963,91.4,0.56093,3.17805,666,20.2,14,26.544101,0,35.63434,4.0274774
368,177299,13.5222,0,18.1,0,6.31,3.863,100,0.41251,3.17805,666,20.2,13.33,85.325082,0,24.37553,2.6029381
369,455445,4.89822,0,18.1,0,6.31,4.97,100,0.28706,3.17805,666,20.2,3.26,30.9077682,0,31.3607,1.8113486
370,310683,5.66998,0,18.1,1,6.31,6.683,96.8,0.30505,3.17805,666,20.2,3.73,35.7775738,6.31,42.16973,1.9248655
371,432511,6.53876,0,18.1,1,6.31,7.016,97.5,0.18432,3.17805,666,20.2,2.96,41.2595756,6.31,44.27096,1.1630592
372,286366,9.2323,0,18.1,0,6.31,6.216,100,0.15623,3.17805,666,20.2,9.53,58.255813,0,39.22296,0.9858113
374,88690,11.1081,0,18.1,0,6.68,4.906,100,0.16059,3.17805,666,20.2,34.77,74.202108,0,32.77208,1.0727412
375,112625,18.4982,0,18.1,0,6.68,4.138,100,0.12839,3.17805,666,20.2,37.97,123.567976,0,27.64184,0.8576452
376,124420,19.6091,0,18.1,0,6.71,7.313,97.9,0.27482,3.17805,666,20.2,13.44,131.577061,0,49.07023,1.8440422
377,73839,15.288,0,18.1,0,6.71,6.649,93.3,0.29632,3.17805,666,20.2,23.24,102.58248,0,44.61479,1.9883072
378,84711,9.82349,0,18.1,0,6.71,6.794,98.8,0.30601,3.17805,666,20.2,21.24,65.9156179,0,45.58774,2.0533271
379,59708,23.6482,0,18.1,0,6.71,6.38,96.2,0.32649,3.17805,666,20.2,23.69,158.679422,0,42.8098,2.1907479
381,70881,88.9762,0,18.1,0,6.71,6.968,91.9,0.34819,3.17805,666,20.2,17.21,597.030302,0,46.75528,2.3363549
383,85319,9.18702,0,18.1,0,7,5.536,100,0.45768,3.17805,666,20.2,23.6,64.30914,0,38.752,3.20376
384,81294,7.99248,0,18.1,0,7,5.52,100,0.42729,3.17805,666,20.2,24.56,55.94736,0,38.64,2.99103
385,69626,20.1849,0,18.1,0,7,4.368,91.2,0.36429,3.17805,666,20.2,30.63,141.2943,0,30.576,2.55003
386,64747,16.8118,0,18.1,0,7,5.277,98.1,0.35494,3.17805,666,20.2,30.81,117.6826,0,36.939,2.48458
388,53681,22.5971,0,18.1,0,7,5,89.5,0.41766,3.17805,666,20.2,31.99,158.1797,0,35,2.92362
389,71156,14.3337,0,18.1,0,7,4.88,100,0.46342,3.17805,666,20.2,30.62,100.3359,0,34.16,3.24394
390,84752,8.15174,0,18.1,0,7,5.39,98.9,0.54702,3.17805,666,20.2,20.85,57.06218,0,37.73,3.82914
391,115439,6.96215,0,18.1,0,7,5.713,97,0.6557,3.17805,666,20.2,17.11,48.73505,0,39.991,4.5899
393,73193,11.5779,0,18.1,0,7,5.036,97,0.57098,3.17805,666,20.2,25.68,81.0453,0,35.252,3.99686
394,108455,8.64476,0,18.1,0,6.93,6.193,92.6,0.58288,3.17805,666,20.2,15.17,59.9081868,0,42.91749,4.0393584
395,85563,13.3598,0,18.1,0,6.93,5.887,94.7,0.57779,3.17805,666,20.2,16.35,92.583414,0,40.79691,4.0040847
396,106313,8.71675,0,18.1,0,6.93,6.471,98.8,0.54563,3.17805,666,20.2,17.12,60.4070775,0,44.84403,3.7812159
397,90034,5.87205,0,18.1,0,6.93,6.405,96,0.51689,3.17805,666,20.2,19.37,40.6933065,0,44.38665,3.5820477
399,36179,38.3518,0,18.1,0,6.93,5.453,100,0.39851,3.17805,666,20.2,30.59,265.777974,0,37.78929,2.7616743
400,64529,9.91655,0,18.1,0,6.93,5.852,77.8,0.40573,3.17805,666,20.2,29.97,68.7216915,0,40.55436,2.8117089
401,45099,25.0461,0,18.1,0,6.93,5.987,100,0.46298,3.17805,666,20.2,26.77,173.569473,0,41.48991,3.2084514
402,86998,14.2362,0,18.1,0,6.93,6.327,100,0.45368,3.17805,666,20.2,20.31,98.656866,0,43.84611,3.1440024
403,80959,9.59571,0,18.1,0,6.93,6.404,100,0.49409,3.17805,666,20.2,20.31,66.4982703,0,44.37972,3.4240437
404,79321,24.8017,0,18.1,0,6.93,5.349,96,0.53227,3.17805,666,20.2,19.77,171.875781,0,37.06857,3.6886311
405,41933,41.5292,0,18.1,0,6.93,5.531,85.4,0.47462,3.17805,666,20.2,27.38,287.797356,0,38.32983,3.2891166
406,42955,67.9208,0,18.1,0,6.93,5.683,100,0.35445,3.17805,666,20.2,22.98,470.691144,0,39.38319,2.4563385
407,129420,20.7162,0,18.1,0,6.59,4.138,100,0.1639,3.17805,666,20.2,23.34,136.519758,0,27.26942,1.080101
408,190759,11.9511,0,18.1,0,6.59,5.608,100,0.25091,3.17805,666,20.2,12.13,78.757749,0,36.95672,1.6534969
409,125567,7.40389,0,18.1,0,5.97,5.617,97.9,0.3748,3.17805,666,20.2,26.4,44.2012233,0,33.53349,2.237556
410,158225,14.4383,0,18.1,0,5.97,6.852,100,0.3822,3.17805,666,20.2,19.78,86.196651,0,40.90644,2.281734
411,129772,51.1358,0,18.1,0,5.97,5.757,100,0.34571,3.17805,666,20.2,10.11,305.280726,0,34.36929,2.0638887
412,117382,14.0507,0,18.1,0,5.97,6.657,100,0.42363,3.17805,666,20.2,21.22,83.882679,0,39.74229,2.5290711
414,102292,28.6558,0,18.1,0,5.97,5.155,100,0.46336,3.17805,666,20.2,20.08,171.075126,0,30.77535,2.7662592
415,56818,45.7461,0,18.1,0,6.93,4.519,100,0.50573,3.17805,666,20.2,36.98,317.020473,0,31.31667,3.5047089
416,60128,18.0846,0,18.1,0,6.79,6.434,100,0.60688,3.17805,666,20.2,29.05,122.794434,0,43.68686,4.1207152
418,61039,25.9406,0,18.1,0,6.79,5.304,89.1,0.49926,3.17805,666,20.2,26.64,176.136674,0,36.01416,3.3899754
419,60941,73.5341,0,18.1,0,6.79,5.957,100,0.58923,3.17805,666,20.2,20.62,499.296539,0,40.44803,4.0008717
420,72183,11.8123,0,18.1,0,7.18,6.824,76.5,0.58445,3.17805,666,20.2,22.74,84.812314,0,48.99632,4.196351
421,104259,11.0874,0,18.1,0,7.18,6.411,100,0.61998,3.17805,666,20.2,15.02,79.607532,0,46.03098,4.4514564
422,99201,7.02259,0,18.1,0,7.18,6.006,95.3,0.62839,3.17805,666,20.2,15.7,50.4221962,0,43.12308,4.5118402
423,135802,12.0482,0,18.1,0,6.14,5.648,87.6,0.66844,3.17805,666,20.2,14.1,73.975948,0,34.67872,4.1042216
424,90519,7.05042,0,18.1,0,6.14,6.103,85.1,0.70399,3.17805,666,20.2,23.29,43.2895788,0,37.47242,4.3224986
425,120330,8.79212,0,18.1,0,5.84,5.565,70.6,0.7244,3.17805,666,20.2,17.16,51.3459808,0,32.4996,4.230496
426,61271,15.8603,0,18.1,0,6.79,5.896,95.4,0.64689,3.17805,666,20.2,24.39,107.691437,0,40.03384,4.3923831
427,164229,12.2472,0,18.1,0,5.84,5.837,59.7,0.69195,3.17805,666,20.2,15.69,71.523648,0,34.08808,4.040988
428,81409,37.6619,0,18.1,0,6.79,6.202,78.7,0.62213,3.17805,666,20.2,14.52,255.724301,0,42.11158,4.2242627
429,96489,7.36711,0,18.1,0,6.79,6.193,78.1,0.66042,3.17805,666,20.2,21.52,50.0226769,0,42.05047,4.4842518
430,93220,9.33889,0,18.1,0,6.79,6.38,95.6,0.67712,3.17805,666,20.2,24.08,63.4110631,0,43.3202,4.5976448
431,114279,8.49213,0,18.1,0,5.84,6.348,86.1,0.71916,3.17805,666,20.2,17.64,49.5940392,0,37.07232,4.1998944
432,138402,10.0623,0,18.1,0,5.84,6.833,94.3,0.7363,3.17805,666,20.2,19.69,58.763832,0,39.90472,4.299992
433,154470,6.44405,0,18.1,0,5.84,6.425,74.8,0.78864,3.17805,666,20.2,12.05,37.633252,0,37.522,4.6056576
434,96332,5.58107,0,18.1,0,7.13,6.436,87.9,0.83975,3.17805,666,20.2,16.22,39.7930291,0,45.88868,5.9874175
436,80847,11.1604,0,18.1,0,7.4,6.629,94.6,0.75363,3.17805,666,20.2,23.27,82.58696,0,49.0546,5.576862
437,86804,14.4208,0,18.1,0,7.4,6.461,93.3,0.69445,3.17805,666,20.2,18.05,106.71392,0,47.8114,5.13893
438,64367,15.1772,0,18.1,0,7.4,6.152,100,0.6493,3.17805,666,20.2,26.45,112.31128,0,45.5248,4.80482
439,64867,13.6781,0,18.1,0,7.4,5.935,87.9,0.59917,3.17805,666,20.2,34.02,101.21794,0,43.919,4.433858
440,75664,9.39063,0,18.1,0,7.4,5.627,93.9,0.5973,3.17805,666,20.2,22.88,69.490662,0,41.6398,4.42002
441,61813,22.0511,0,18.1,0,7.4,5.818,92.4,0.6239,3.17805,666,20.2,22.11,163.17814,0,43.0532,4.61686
442,100711,9.72418,0,18.1,0,7.4,6.406,97.2,0.72518,3.17805,666,20.2,19.52,71.958932,0,47.4044,5.366332
443,104552,5.66637,0,18.1,0,7.4,6.219,100,0.69554,3.17805,666,20.2,16.59,41.931138,0,46.0206,5.146996
444,91016,9.96654,0,18.1,0,7.4,6.485,100,0.68229,3.17805,666,20.2,18.85,73.752396,0,47.989,5.048946
446,83950,10.6718,0,18.1,0,7.4,6.459,94.8,0.68708,3.17805,666,20.2,23.98,78.97132,0,47.7966,5.084392
447,102518,6.28807,0,18.1,0,7.4,6.341,96.4,0.72851,3.17805,666,20.2,17.79,46.531718,0,46.9234,5.390974
448,105539,9.92485,0,18.1,0,7.4,6.251,96.6,0.78755,3.17805,666,20.2,16.44,73.44389,0,46.2574,5.82787
449,99231,9.32909,0,18.1,0,7.13,6.185,98.7,0.81607,3.17805,666,20.2,18.13,66.5164117,0,44.09905,5.8185791
450,93229,7.52601,0,18.1,0,7.13,6.417,98.3,0.78162,3.17805,666,20.2,19.31,53.6604513,0,45.75321,5.5729506
451,110438,6.71772,0,18.1,0,7.13,6.749,92.6,0.84312,3.17805,666,20.2,17.44,47.8973436,0,48.12037,6.0114456
452,113496,5.44114,0,18.1,0,7.13,6.655,98.2,0.85662,3.17805,666,20.2,17.73,38.7953282,0,47.45015,6.1077006
454,117435,8.24809,0,18.1,0,7.13,7.393,99.3,0.89719,3.17805,666,20.2,17.08,58.8088817,0,52.71209,6.3969647
455,106753,9.51363,0,18.1,0,7.13,6.728,94.1,0.91473,3.17805,666,20.2,18.71,67.8321819,0,47.97064,6.5220249
456,115535,4.75237,0,18.1,0,7.13,6.525,86.5,0.89027,3.17805,666,20.2,18.13,33.8843981,0,46.52325,6.3476251
457,126948,4.66883,0,18.1,0,7.13,5.976,87.9,0.94802,3.17805,666,20.2,19.01,33.2887579,0,42.60888,6.7593826
458,116926,8.20058,0,18.1,0,7.13,5.936,80.3,1.02216,3.17805,666,20.2,16.94,58.4701354,0,42.32368,7.2880008
459,137617,7.75223,0,18.1,0,7.13,6.301,83.7,1.02356,3.17805,666,20.2,16.23,55.2733999,0,44.92613,7.2979828
460,152397,6.80117,0,18.1,0,7.13,6.081,84.4,0.99971,3.17805,666,20.2,14.7,48.4923421,0,43.35753,7.1279323
461,142666,4.81213,0,18.1,0,7.13,6.701,90,0.95455,3.17805,666,20.2,16.42,34.3104869,0,47.77813,6.8059415
462,110619,3.69311,0,18.1,0,7.13,6.376,88.4,0.94278,3.17805,666,20.2,14.65,26.3318743,0,45.46088,6.7220214
463,123162,6.65492,0,18.1,0,7.13,6.317,83,1.00591,3.17805,666,20.2,13.99,47.4495796,0,45.04021,7.1721383
464,166329,5.82115,0,18.1,0,7.13,6.513,89.9,1.03019,3.17805,666,20.2,10.29,41.5047995,0,46.43769,7.3452547
465,127192,7.83932,0,18.1,0,6.55,6.209,65.4,1.08634,3.17805,666,20.2,13.22,51.347546,0,40.66895,7.115527
466,150023,3.1636,0,18.1,0,6.55,5.759,48.2,1.12054,3.17805,666,20.2,14.13,20.72158,0,37.72145,7.339537
467,126386,3.77498,0,18.1,0,6.55,5.952,84.7,1.05483,3.17805,666,20.2,17.15,24.726119,0,38.9856,6.9091365
468,104023,4.42228,0,18.1,0,5.84,6.003,94.5,0.93228,3.17805,666,20.2,21.32,25.8261152,0,35.05752,5.4445152
470,111491,13.0751,0,18.1,0,5.8,5.713,56.7,1.03805,3.17805,666,20.2,14.76,75.83558,0,33.1354,6.02069
471,141464,4.34879,0,18.1,0,5.8,6.167,84,1.10968,3.17805,666,20.2,16.29,25.222982,0,35.7686,6.436144
472,159834,4.03841,0,18.1,0,5.32,6.229,90.7,1.13118,3.17805,666,20.2,12.87,21.4843412,0,33.13828,6.0178776
474,156360,4.64689,0,18.1,0,6.14,6.98,67.6,0.92936,3.17805,666,20.2,11.66,28.5319046,0,42.8572,5.7062704
475,116940,8.05579,0,18.1,0,5.84,5.427,95.4,0.88781,3.17805,666,20.2,18.14,47.0458136,0,31.69368,5.1848104
476,80035,6.39312,0,18.1,0,5.84,6.162,97.4,0.79118,3.17805,666,20.2,24.1,37.3358208,0,35.98608,4.6204912
477,107249,4.87141,0,18.1,0,6.14,6.484,93.6,0.83521,3.17805,666,20.2,18.68,29.9104574,0,39.81176,5.1281894
479,100798,10.233,0,18.1,0,6.14,6.185,96.7,0.77496,3.17805,666,20.2,17.85,62.83062,0,37.9759,4.7582544
480,123692,14.3337,0,18.1,0,6.14,6.229,88,0.66844,3.17805,666,20.2,13.11,88.008918,0,38.24606,4.1042216
481,158412,5.82401,0,18.1,0,5.32,6.242,64.7,1.23087,3.17805,666,20.2,10.74,30.9837332,0,33.20744,6.5482284
482,162595,5.70818,0,18.1,0,5.32,6.75,74.9,1.20348,3.17805,666,20.2,7.74,30.3675176,0,35.91,6.4025136
483,209280,5.73116,0,18.1,0,5.32,7.061,77,1.22689,3.17805,666,20.2,7.01,30.4897712,0,37.56452,6.5270548
484,157326,2.81838,0,18.1,0,5.32,5.762,40.3,1.41057,3.17805,666,20.2,10.42,14.9937816,0,30.65384,7.5042324
486,175306,3.67367,0,18.1,0,5.83,6.312,51.9,1.38422,3.17805,666,20.2,10.58,21.4174961,0,36.79896,8.0700026
487,148167,5.69175,0,18.1,0,5.83,6.114,79.8,1.26579,3.17805,666,20.2,14.98,33.1829025,0,35.64462,7.3795557
488,141441,4.83567,0,18.1,0,5.83,5.905,53.2,1.14813,3.17805,666,20.2,11.45,28.1919561,0,34.42615,6.6935979
489,102914,0.15086,0,27.74,0,6.09,5.454,92.7,0.59933,1.38629,711,20.1,18.06,0.9187374,0,33.21486,3.6499197
490,84053,0.18337,0,27.74,0,6.09,5.414,98.3,0.5627,1.38629,711,20.1,23.97,1.1167233,0,32.97126,3.426843
491,52451,0.20746,0,27.74,0,6.09,5.093,98,0.60026,1.38629,711,20.1,29.68,1.2634314,0,31.01637,3.6555834
492,113550,0.10574,0,27.74,0,6.09,5.983,98.8,0.62492,1.38629,711,20.1,18.07,0.6439566,0,36.43647,3.8057628
493,160751,0.11132,0,27.74,0,6.09,5.983,83.5,0.74664,1.38629,711,20.1,13.35,0.6779388,0,36.43647,4.5470376
494,104922,0.17331,0,9.69,0,5.85,5.707,54,0.86781,1.79176,391,19.2,12.01,1.0138635,0,33.38595,5.0766885
495,121677,0.27957,0,9.69,0,5.85,5.926,42.6,0.86781,1.79176,391,19.2,13.59,1.6354845,0,34.6671,5.0766885
496,159459,0.17899,0,9.69,0,5.85,5.67,28.8,1.02912,1.79176,391,19.2,17.6,1.0470915,0,33.1695,6.020352
497,136267,0.2896,0,9.69,0,5.85,5.39,72.9,1.02912,1.79176,391,19.2,21.14,1.69416,0,31.5315,6.020352
498,198340,0.26838,0,9.69,0,5.85,5.794,70.6,1.06219,1.79176,391,19.2,14.1,1.570023,0,33.8949,6.2138115
499,180464,0.23912,0,9.69,0,5.85,6.019,65.3,0.87925,1.79176,391,19.2,12.92,1.398852,0,35.21115,5.1436125
501,120928,0.22438,0,9.69,0,5.85,6.027,79.7,0.91557,1.79176,391,19.2,14.33,1.312623,0,35.25795,5.3560845
502,121704,0.06263,0,11.93,0,5.73,6.593,69.1,0.90769,0,273,21,9.67,0.3588699,0,37.77789,5.2010637
503,118861,0.04527,0,11.93,0,5.73,6.12,76.7,0.82746,0,273,21,9.08,0.2593971,0,35.0676,4.7413458
504,134768,0.06076,0,11.93,0,5.73,6.976,91,0.77357,0,273,21,5.64,0.3481548,0,39.97248,4.4325561
505,183139,0.10959,0,11.93,0,5.73,6.794,89.3,0.87083,0,273,21,6.48,0.6279507,0,38.92962,4.9898559
506,109600,0.04741,0,11.93,0,5.73,6.03,80.8,0.91829,0,273,21,7.88,0.2716593,0,34.5519,5.2618017
4,,0.03237,0,2.18,0,4.58,6.998,45.8,1.80207,1.09861,222,18.7,2.94,0.1482546,0,32.05084,8.2534806
20,,0.7258,0,8.14,0,5.38,5.727,69.5,1.33408,1.38629,307,21,11.28,3.904804,0,30.81126,7.1773504
29,,0.77299,0,8.14,0,5.38,6.495,94.4,1.49396,1.38629,307,21,12.8,4.1586862,0,34.9431,8.0375048
49,,0.25387,0,6.91,0,4.48,5.399,95.3,1.76985,1.09861,233,17.9,30.81,1.1373376,0,24.18752,7.928928
52,,0.04337,21,5.64,0,4.39,6.115,63,1.91908,1.38629,243,16.8,9.43,0.1903943,0,26.84485,8.4247612
65,,0.01951,18,1.38,0,4.16,7.104,59.5,2.22169,1.09861,216,18.6,8.05,0.0811616,0,29.55264,9.2422304
70,,0.12816,13,6.07,0,4.09,5.885,33,1.87149,1.38629,345,18.9,8.79,0.5241744,0,24.06965,7.6543941
79,,0.05646,0,12.83,0,4.37,6.232,53.7,1.61225,1.60944,398,18.7,12.34,0.2467302,0,27.23384,7.0455325
81,,0.04113,25,4.86,0,4.26,6.727,33.5,1.68653,1.38629,281,19,5.29,0.1752138,0,28.65702,7.1846178
83,,0.03659,25,4.86,0,4.26,6.302,32.2,1.68653,1.38629,281,19,6.72,0.1558734,0,26.84652,7.1846178
89,,0.0566,0,3.41,0,4.89,7.007,86.3,1.23014,0.69315,270,17.8,5.5,0.276774,0,34.26423,6.0153846
95,,0.04294,28,15.04,0,4.64,6.249,77.3,1.28509,1.38629,270,18.2,10.59,0.1992416,0,28.99536,5.9628176
137,,0.32264,0,21.89,0,6.24,5.942,93.5,0.67646,1.38629,437,21.2,16.9,2.0132736,0,37.07808,4.2211104
143,,3.32105,0,19.58,1,8.71,5.403,100,0.27884,1.60944,403,14.7,26.82,28.9263455,8.71,47.06013,2.4286964
170,,2.44953,0,19.58,0,6.05,6.402,95.2,0.81647,1.60944,403,14.7,11.32,14.8196565,0,38.7321,4.9396435
174,,0.09178,0,4.05,0,5.1,6.416,84.1,0.97316,1.60944,296,16.6,9.04,0.468078,0,32.7216,4.963116
177,,0.07022,0,4.05,0,5.1,6.02,47.2,1.26833,1.60944,296,16.6,10.11,0.358122,0,30.702,6.468483
183,,0.09103,0,2.46,0,4.88,7.155,92.2,0.99347,1.09861,193,17.8,4.82,0.4442264,0,34.9164,4.8481336
193,,0.08664,45,3.44,0,4.37,7.178,26.3,1.86869,1.60944,398,15.2,2.87,0.3786168,0,31.36786,8.1661753
216,,0.19802,0,10.59,0,4.89,6.182,42.4,1.37255,1.38629,277,18.6,9.47,0.9683178,0,30.22998,6.7117695
223,,0.62356,0,6.2,1,5.07,6.879,77.7,1.18543,2.07944,307,17.4,9.93,3.1614492,5.07,34.87653,6.0101301
242,,0.10612,30,4.93,0,4.28,6.095,65.1,1.84626,1.79176,300,16.6,12.4,0.4541936,0,26.0866,7.9019928
244,,0.12756,30,4.93,0,4.28,6.393,7.8,1.95097,1.79176,300,16.6,5.19,0.5459568,0,27.36204,8.3501516
270,,0.09065,20,6.96,1,4.64,5.92,61.5,1.36545,1.09861,223,18.6,13.65,0.420616,4.64,27.4688,6.335688
272,,0.16211,20,6.96,0,4.64,6.24,16.3,1.48817,1.09861,223,18.6,6.59,0.7521904,0,28.9536,6.9051088
279,,0.07977,40,6.41,0,4.47,6.482,32.1,1.42077,1.38629,254,17.6,7.19,0.3565719,0,28.97454,6.3508419
291,,0.03502,80,4.95,0,4.11,6.861,27.9,1.63251,1.38629,245,19.2,3.33,0.1439322,0,28.19871,6.7096161
297,,0.05372,0,13.92,0,4.37,6.549,51,1.78514,1.38629,289,16,7.39,0.2347564,0,28.61913,7.8010618
334,,0.05083,0,5.19,0,5.15,6.316,38.1,1.86538,1.60944,224,20.2,5.68,0.2617745,0,32.5274,9.606707
338,,0.03041,0,5.19,0,5.15,5.895,59.6,1.72544,1.60944,224,20.2,10.56,0.1566115,0,30.35925,8.886016
343,,0.02498,0,1.89,0,5.18,6.54,59.7,1.83528,0,422,15.9,8.65,0.1293964,0,33.8772,9.5067504
344,,0.02543,55,3.78,0,4.84,6.696,56.4,1.74608,1.60944,370,17.6,7.18,0.1230812,0,32.40864,8.4510272
349,,0.01501,80,2.01,0,4.35,6.635,29.7,2.12154,1.38629,280,17,5.99,0.0652935,0,28.86225,9.228699
366,,4.55587,0,18.1,0,7.18,3.561,87.9,0.47822,3.17805,666,20.2,7.12,32.7111466,0,25.56798,3.4336196
373,,8.26725,0,18.1,1,6.68,5.875,89.6,0.12186,3.17805,666,20.2,8.88,55.22523,6.68,39.245,0.8140248
380,,17.8667,0,18.1,0,6.71,6.223,100,0.32649,3.17805,666,20.2,21.78,119.885557,0,41.75633,2.1907479
382,,15.8744,0,18.1,0,6.71,6.545,99.1,0.41818,3.17805,666,20.2,21.08,106.517224,0,43.91695,2.8059878
387,,24.3938,0,18.1,0,7,4.652,100,0.38336,3.17805,666,20.2,28.28,170.7566,0,32.564,2.68352
392,,5.29305,0,18.1,0,7,6.051,82.5,0.77371,3.17805,666,20.2,18.76,37.05135,0,42.357,5.41597
398,,7.67202,0,18.1,0,6.93,5.747,98.9,0.49066,3.17805,666,20.2,19.92,53.1670986,0,39.82671,3.4002738
413,,18.811,0,18.1,0,5.97,4.628,100,0.44077,3.17805,666,20.2,34.37,112.30167,0,27.62916,2.6313969
417,,10.8342,0,18.1,0,6.79,6.782,90.8,0.59856,3.17805,666,20.2,25.79,73.564218,0,46.04978,4.0642224
435,,13.9134,0,18.1,0,7.13,6.208,95,0.7985,3.17805,666,20.2,15.17,99.202542,0,44.26304,5.693305
445,,12.8023,0,18.1,0,7.4,5.854,96.6,0.63953,3.17805,666,20.2,23.79,94.73702,0,43.3196,4.732522
453,,5.09017,0,18.1,0,7.13,6.297,91.8,0.86213,3.17805,666,20.2,17.27,36.2929121,0,44.89761,6.1469869
469,,15.5757,0,18.1,0,5.8,5.926,71,1.0676,3.17805,666,20.2,18.13,90.33906,0,34.3708,6.19208
473,,3.56868,0,18.1,0,5.8,6.437,75,1.0635,3.17805,666,20.2,14.36,20.698344,0,37.3346,6.1683
478,,15.0234,0,18.1,0,6.14,5.304,97.3,0.74227,3.17805,666,20.2,24.91,92.243676,0,32.56656,4.5575378
485,,2.37857,0,18.1,0,5.83,5.871,41.9,1.3148,3.17805,666,20.2,13.34,13.8670631,0,34.22793,7.665284
500,,0.17783,0,9.69,0,5.85,5.569,73.5,0.87543,1.79176,391,19.2,15.1,1.0403055,0,32.57865,5.1212655
